{"cameraMode":{"drawMode":0,"name":"Shaded","section":"Shading Mode"},"sceneLighting":false,"audioPlay":false,"sceneViewState":{"showFog":true,"showMaterialUpdate":false,"showSkybox":true,"showFlares":true,"showImageEffects":true,"showParticleSystems":true},"in2DMode":false,"pivot":{"x":0.8959367275238037,"y":-0.2992863655090332,"z":8.590213775634766},"rotation":{"x":0.10331546515226364,"y":-2.4026530809351245e-7,"z":2.9047816596516897e-8,"w":0.9946486949920654},"size":4.916193962097168,"orthographic":false}